"moduleID","gene#","genelist"
"1","3783","LOC_Os08g35910 LOC_Os09g38268 LOC_Os02g26940 LOC_Os06g42770 LOC_Os12g04940 LOC_Os04g26240 LOC_Os07g47720 LOC_Os02g57910 LOC_Os09g19980 LOC_Os01g10860 LOC_Os11g24590 LOC_Os12g31350 LOC_Os09g14960 LOC_Os02g39100 LOC_Os03g58930 LOC_Os10g29514 LOC_Os05g24930 "
"10","258","LOC_Os07g38890 LOC_Os01g50280 LOC_Os01g13870 LOC_Os01g55640 LOC_Os04g36650 LOC_Os04g01560 LOC_Os06g03590 LOC_Os05g47680 LOC_Os01g71160 LOC_Os08g37150 LOC_Os05g05920 LOC_Os04g37570 LOC_Os08g43240 LOC_Os03g26370 LOC_Os03g24130 LOC_Os08g32370 LOC_Os12g41640 "
"100","18","LOC_Os07g07270 LOC_Os09g35920 LOC_Os11g05110 LOC_Os02g57510 LOC_Os12g35040 LOC_Os02g04260 LOC_Os02g13640 LOC_Os10g42420 LOC_Os03g62280 LOC_Os02g42314.2 LOC_Os06g03690 LOC_Os07g39630 LOC_Os01g56470 LOC_Os09g33800 LOC_Os12g43930 LOC_Os11g14180 LOC_Os05g1486"
"101","17","LOC_Os07g31070 LOC_Os08g15710 LOC_Os07g03220 LOC_Os05g05110 LOC_Os02g41710 LOC_Os09g01300 LOC_Os03g45450 LOC_Os08g41180 LOC_Os06g17560 LOC_Os11g28940 LOC_Os11g02470 LOC_Os01g10260 LOC_Os10g36520 LOC_Os11g41210 LOC_Os11g47630 LOC_Os12g36920 LOC_Os03g21710"
"102","17","LOC_Os01g36560 LOC_Os06g17920 LOC_Os11g44260 LOC_Os06g41740 LOC_Os05g50730 LOC_Os11g44960 LOC_Os04g57160 LOC_Os06g17900 LOC_Os09g28370 LOC_Os11g38440 LOC_Os10g04060 LOC_Os01g34900 LOC_Os08g42930 LOC_Os01g16600 LOC_Os04g31790 LOC_Os02g34650 LOC_Os03g60180"
"103","17","LOC_Os08g29040 LOC_Os11g16430 LOC_Os03g28270 LOC_Os01g11250 LOC_Os03g41010 LOC_Os06g35850 LOC_Os05g48200 LOC_Os05g45670 LOC_Os01g65169 LOC_Os01g16620 LOC_Os08g41640 LOC_Os04g27790 LOC_Os01g69840 LOC_Os01g45840 LOC_Os08g18000 LOC_Os08g38710 LOC_Os02g49880"
"104","17","LOC_Os01g61250 LOC_Os05g18750 LOC_Os06g03676 LOC_Os02g09820 LOC_Os05g16640 LOC_Os10g41390 LOC_Os07g02990 LOC_Os06g30440 LOC_Os08g27050 LOC_Os12g06650 LOC_Os08g02380 LOC_Os11g35030 LOC_Os08g35948 LOC_Os05g18274 LOC_Os03g14090 LOC_Os08g19590 LOC_Os04g08190"
"105","17","LOC_Os08g43920 LOC_Os08g43900 LOC_Os08g16610 LOC_Os06g12060 LOC_Os04g44330 LOC_Os03g42440 LOC_Os11g22960 LOC_Os03g55890 LOC_Os08g41530 LOC_Os01g48700 LOC_Os02g14929 LOC_Os05g01630 LOC_Os04g31210 LOC_Os01g61860 LOC_Os11g30790 LOC_Os07g19070 LOC_Os05g38470"
"106","17","LOC_Os02g12939 LOC_Os08g37800 LOC_Os04g36630 LOC_Os03g58530 LOC_Os02g03560 LOC_Os05g48380 LOC_Os04g56750 LOC_Os01g13460 LOC_Os03g16730 LOC_Os04g40090 LOC_Os04g57520 LOC_Os07g04530 LOC_Os01g09760 LOC_Os10g39220 LOC_Os08g39120 LOC_Os09g03090 LOC_Os03g29750"
"107","17","LOC_Os03g12236 LOC_Os07g39980 LOC_Os03g61820 LOC_Os02g19629.2 LOC_Os05g25780 LOC_Os01g15790 LOC_Os08g17294 LOC_Os01g63290 LOC_Os03g13480 LOC_Os04g49940 LOC_Os08g01090 LOC_Os07g40770 LOC_Os08g41910 LOC_Os08g03870 LOC_Os10g19300 LOC_Os10g39510 LOC_Os02g2936"
"108","17","LOC_Os01g14920 LOC_Os05g32590 LOC_Os01g34620 LOC_Os10g41380 LOC_Os12g04520 LOC_Os08g03550 LOC_Os08g14070 LOC_Os02g52900 LOC_Os04g32490 LOC_Os01g56990 LOC_Os04g41580 LOC_Os05g11870 LOC_Os04g46700 LOC_Os01g58780 LOC_Os03g44660 LOC_Os09g27570 LOC_Os08g32130"
"109","17","LOC_Os12g42520 LOC_Os03g03690 LOC_Os09g20350 LOC_Os01g12400 LOC_Os03g37580 LOC_Os07g22390 LOC_Os10g09200 LOC_Os03g54063 LOC_Os08g41850 LOC_Os11g01280 LOC_Os01g73690 LOC_Os12g38190 LOC_Os06g51400 LOC_Os09g04924 LOC_Os02g35600 LOC_Os11g09940 LOC_Os01g63820"
"11","224","LOC_Os01g14760 LOC_Os02g37220 LOC_Os05g27910 LOC_Os07g34510 LOC_Os03g19840 LOC_Os03g52020 LOC_Os07g23960 LOC_Os06g21950 LOC_Os03g05590 LOC_Os05g01430 LOC_Os08g36030 LOC_Os11g38240 LOC_Os11g47590 LOC_Os09g34020 LOC_Os01g10970 LOC_Os01g70360 LOC_Os07g41340 "
"110","17","LOC_Os02g40510 LOC_Os02g35060 LOC_Os12g32240 LOC_Os11g24570 LOC_Os10g30850 LOC_Os02g03040 LOC_Os03g61990 LOC_Os10g17454 LOC_Os03g61730 LOC_Os12g43600 LOC_Os05g37950 LOC_Os12g36640 LOC_Os09g36600 LOC_Os04g59130 LOC_Os11g05930 LOC_Os11g41600 LOC_Os02g04420"
"111","16","LOC_Os07g47660 LOC_Os03g52720 LOC_Os05g45880 LOC_Os07g07440 LOC_Os10g08540 LOC_Os02g14630 LOC_Os03g41130 LOC_Os01g43890 LOC_Os04g57390 LOC_Os12g43970 LOC_Os05g46370 LOC_Os11g03910 LOC_Os04g44320 LOC_Os10g41020 LOC_Os01g71380 LOC_Os02g38840"
"112","16","LOC_Os04g38370 LOC_Os11g47390 LOC_Os08g36950 LOC_Os02g29120 LOC_Os05g38850 LOC_Os05g18790 LOC_Os01g58850 LOC_Os05g33850 LOC_Os07g18874 LOC_Os04g56200 LOC_Os04g42940 LOC_Os06g27530 LOC_Os11g28910 LOC_Os01g13024 LOC_Os03g11700 LOC_Os11g36600"
"113","16","LOC_Os07g03288 LOC_Os11g01030 LOC_Os11g23930 LOC_Os05g05620 LOC_Os04g03870 LOC_Os11g37630 LOC_Os04g52720 LOC_Os12g30180 LOC_Os03g30420 LOC_Os06g35700 LOC_Os06g47740 LOC_Os08g37210 LOC_Os04g36750 LOC_Os01g17160 LOC_Os03g63510 LOC_Os01g48800"
"114","16","LOC_Os02g40400 LOC_Os07g47120 LOC_Os03g47820 LOC_Os01g57020 LOC_Os04g40810 LOC_Os03g16410 LOC_Os01g33764 LOC_Os10g35800 LOC_Os01g65770 LOC_Os09g28150 LOC_Os05g10800 LOC_Os03g07170 LOC_Os05g50120 LOC_Os06g04790 LOC_Os11g05410 LOC_Os05g35690"
"115","16","LOC_Os11g05170 LOC_Os12g35610 LOC_Os06g05020 LOC_Os01g21120 LOC_Os06g04950 LOC_Os01g21590 LOC_Os11g34390 LOC_Os06g05000 LOC_Os05g29810 LOC_Os06g04990 LOC_Os02g39880 LOC_Os01g45860 LOC_Os01g02160 LOC_Os03g19270 LOC_Os12g04980 LOC_Os06g35960"
"116","16","LOC_Os07g26150 LOC_Os11g02840 LOC_Os07g46320 LOC_Os07g11440 LOC_Os08g10240 LOC_Os08g14190 LOC_Os01g53370 LOC_Os11g28184 LOC_Os02g46970 LOC_Os01g65992 LOC_Os10g17260 LOC_Os05g31160 LOC_Os07g32630 LOC_Os03g47070 LOC_Os06g01250 LOC_Os01g67370"
"117","16","LOC_Os01g40280 LOC_Os06g45710 LOC_Os03g18220 LOC_Os03g17980.2 LOC_Os01g55540 LOC_Os08g06330 LOC_Os09g11250 LOC_Os01g42530 LOC_Os06g43550 LOC_Os03g13560 LOC_Os02g38920 LOC_Os09g25314 LOC_Os01g62420 LOC_Os03g44780 LOC_Os01g04190 LOC_Os10g25130"
"118","16","LOC_Os07g07974 LOC_Os01g02360 LOC_Os08g39880 LOC_Os08g06490 LOC_Os05g48970 LOC_Os05g23940 LOC_Os04g48040 LOC_Os07g49540 LOC_Os07g28900 LOC_Os03g56660 LOC_Os08g41420 LOC_Os03g07739 LOC_Os08g02000 LOC_Os09g04400 LOC_Os02g09690 LOC_Os01g15860"
"119","16","LOC_Os01g65890 LOC_Os12g01350 LOC_Os09g13940 LOC_Os01g22480 LOC_Os02g13340 LOC_Os01g36610 LOC_Os12g12380 LOC_Os04g41510 LOC_Os09g20020 LOC_Os02g38800 LOC_Os06g19180 LOC_Os02g05730 LOC_Os08g31780 LOC_Os05g41790 LOC_Os03g62650 LOC_Os04g39814"
"12","209","LOC_Os11g14280 LOC_Os07g17520 LOC_Os10g12390 LOC_Os08g28940 LOC_Os12g08780 LOC_Os11g31380 LOC_Os01g53550 LOC_Os10g04900 LOC_Os09g16260 LOC_Os05g26110 LOC_Os12g23040 LOC_Os09g36470 LOC_Os10g25850 LOC_Os12g38460 LOC_Os01g29870 LOC_Os02g29230 LOC_Os10g03660 "
"120","16","LOC_Os08g36774 LOC_Os02g54580 LOC_Os03g49420 LOC_Os05g43840 LOC_Os10g40580 LOC_Os01g47460 LOC_Os05g28960 LOC_Os01g36080 LOC_Os02g48116 LOC_Os03g43570 LOC_Os04g56980 LOC_Os01g21450 LOC_Os02g39010 LOC_Os12g31880 LOC_Os03g33590 LOC_Os03g57580"
"121","16","LOC_Os01g16090 LOC_Os07g47510 LOC_Os02g35890 LOC_Os06g23440 LOC_Os01g08660 LOC_Os08g34150 LOC_Os01g62230 LOC_Os03g17084 LOC_Os02g55060 LOC_Os03g59710 LOC_Os02g02510 LOC_Os09g30310 LOC_Os10g13800 LOC_Os06g45070 LOC_Os02g58010 LOC_Os05g38640"
"122","15","LOC_Os01g74550 LOC_Os04g19140 LOC_Os12g04130 LOC_Os03g13400 LOC_Os03g31880 LOC_Os08g40280 LOC_Os04g38810 LOC_Os05g34000 LOC_Os11g04330 LOC_Os03g43580 LOC_Os11g14070 LOC_Os12g38200 LOC_Os04g01610 LOC_Os03g14840 LOC_Os09g21260"
"123","15","LOC_Os04g56990 LOC_Os10g02070 LOC_Os01g15340 LOC_Os03g13210 LOC_Os01g74410 LOC_Os08g02110 LOC_Os07g14740 LOC_Os11g34920 LOC_Os10g14920 LOC_Os11g47460 LOC_Os05g02420 LOC_Os12g42400 LOC_Os02g39140 LOC_Os03g53200 LOC_Os08g07970"
"124","15","LOC_Os09g37720 LOC_Os02g18784 LOC_Os02g05430 LOC_Os03g17140 LOC_Os09g36890.2 LOC_Os04g36790 LOC_Os02g58460 LOC_Os02g36360 LOC_Os02g05360 LOC_Os06g41240 LOC_Os01g04020 LOC_Os06g07878 LOC_Os04g59140 LOC_Os12g42380 LOC_Os02g46839"
"125","15","LOC_Os02g30840 LOC_Os06g02160 LOC_Os01g58114 LOC_Os12g12300 LOC_Os11g40540 LOC_Os02g05370 LOC_Os01g36630 LOC_Os01g50340 LOC_Os08g04150 LOC_Os12g34330 LOC_Os06g48530 LOC_Os01g73800 LOC_Os05g24000 LOC_Os09g32940 LOC_Os10g01380"
"126","15","LOC_Os12g09000 LOC_Os03g07420 LOC_Os07g03130 LOC_Os05g01190 LOC_Os01g12560 LOC_Os06g44840 LOC_Os09g04990 LOC_Os09g26730 LOC_Os02g50100 LOC_Os02g24354 LOC_Os01g13190 LOC_Os03g39010 LOC_Os09g36990 LOC_Os06g12040 LOC_Os01g42770"
"127","15","LOC_Os03g11590 LOC_Os04g57400 LOC_Os05g37140 LOC_Os01g47690 LOC_Os02g22190 LOC_Os02g42520 LOC_Os03g27080 LOC_Os03g57120 LOC_Os07g22350 LOC_Os11g29400 LOC_Os01g32280 LOC_Os02g37080 LOC_Os06g13680 LOC_Os04g38870 LOC_Os12g39860"
"128","14","LOC_Os02g22680 LOC_Os01g73700 LOC_Os01g73720 LOC_Os04g10434 LOC_Os09g32500 LOC_Os04g06300 LOC_Os10g21400 LOC_Os05g15690 LOC_Os05g04690 LOC_Os06g30860 LOC_Os06g49300 LOC_Os08g43800 LOC_Os04g33520 LOC_Os03g58420"
"129","14","LOC_Os04g29210 LOC_Os11g12420 LOC_Os03g62150 LOC_Os01g56720 LOC_Os06g40910 LOC_Os01g61310 LOC_Os07g26900 LOC_Os01g57380 LOC_Os10g26164 LOC_Os02g10100 LOC_Os07g13900 LOC_Os07g36430 LOC_Os09g20670 LOC_Os05g39500"
"13","206","LOC_Os10g39970 LOC_Os07g01840 LOC_Os07g01520 LOC_Os11g43980 LOC_Os02g21530 LOC_Os07g14660 LOC_Os02g32850 LOC_Os12g40200 LOC_Os06g03030 LOC_Os04g07130 LOC_Os03g25990 LOC_Os03g44880 LOC_Os11g42660 LOC_Os08g43600 LOC_Os07g12100 LOC_Os06g03220 LOC_Os09g27730 "
"130","14","LOC_Os03g20210 LOC_Os09g12230 LOC_Os10g03580 LOC_Os06g18850 LOC_Os04g43340 LOC_Os10g10480 LOC_Os07g17220 LOC_Os12g03594 LOC_Os01g57340 LOC_Os11g11790 LOC_Os05g31530 LOC_Os11g04180 LOC_Os01g23380 LOC_Os04g46750"
"131","14","LOC_Os01g07900 LOC_Os04g01990 LOC_Os05g28370 LOC_Os01g24020 LOC_Os09g24640 LOC_Os02g58330 LOC_Os10g10980 LOC_Os11g06580 LOC_Os05g36150 LOC_Os01g16220 LOC_Os10g04600 LOC_Os01g71990 LOC_Os08g24182 LOC_Os09g07614"
"132","14","LOC_Os08g13060 LOC_Os03g52400 LOC_Os05g02690 LOC_Os03g22519 LOC_Os11g34810 LOC_Os06g30250 LOC_Os02g47030 LOC_Os02g34540 LOC_Os01g68500 LOC_Os03g53210 LOC_Os10g04590 LOC_Os10g26640 LOC_Os03g22720 LOC_Os07g07410"
"133","14","LOC_Os02g03580 LOC_Os06g06190 LOC_Os01g62810 LOC_Os01g17396 LOC_Os01g31360 LOC_Os09g35880 LOC_Os08g06110 LOC_Os06g38320 LOC_Os01g56780 LOC_Os08g41830 LOC_Os07g48570 LOC_Os03g27019 LOC_Os04g42090 LOC_Os05g50840"
"134","14","LOC_Os02g04490 LOC_Os07g43380 LOC_Os11g01190 LOC_Os07g47360 LOC_Os02g06592 LOC_Os02g52960 LOC_Os02g58560 LOC_Os02g01170 LOC_Os02g58554 LOC_Os06g43120 LOC_Os05g38710 LOC_Os08g17600 LOC_Os04g58560 LOC_Os05g01240"
"135","13","LOC_Os01g66630 LOC_Os11g10180 LOC_Os05g18780 LOC_Os04g36830 LOC_Os12g42064 LOC_Os02g22000 LOC_Os09g29790 LOC_Os09g36540 LOC_Os03g08160 LOC_Os12g08140 LOC_Os01g07600 LOC_Os02g15360 LOC_Os06g25500"
"136","13","LOC_Os07g04110 LOC_Os01g04540 LOC_Os12g13270 LOC_Os06g28050 LOC_Os07g15940 LOC_Os09g17360 LOC_Os09g17344 LOC_Os03g47614 LOC_Os01g48874 LOC_Os08g26230 LOC_Os11g47310 LOC_Os01g65130 LOC_Os10g25020"
"137","13","LOC_Os01g71460 LOC_Os09g25190 LOC_Os01g42210 LOC_Os02g42870 LOC_Os07g18960 LOC_Os03g47260 LOC_Os06g45540 LOC_Os04g46950 LOC_Os02g39910 LOC_Os09g36960 LOC_Os09g15680 LOC_Os06g12210 LOC_Os02g53169"
"138","13","LOC_Os01g25360 LOC_Os09g30454 LOC_Os04g10690 LOC_Os06g38830 LOC_Os03g47810 LOC_Os01g48640 LOC_Os05g12370 LOC_Os06g38450 LOC_Os04g26900 LOC_Os07g47450 LOC_Os11g07980 LOC_Os07g43560 LOC_Os01g33710"
"139","13","LOC_Os03g06430 LOC_Os08g10730 LOC_Os06g41910 LOC_Os10g39570 LOC_Os07g31140 LOC_Os11g06900 LOC_Os06g11400 LOC_Os06g05359 LOC_Os01g21630 LOC_Os08g23160 LOC_Os10g40130 LOC_Os12g05600 LOC_Os04g33630"
"14","201","LOC_Os01g14700 LOC_Os08g03070 LOC_Os02g40710 LOC_Os04g30270 LOC_Os02g32770 LOC_Os04g58680 LOC_Os10g09150 LOC_Os02g37500 LOC_Os02g53250 LOC_Os11g30060 LOC_Os01g71710 LOC_Os06g44970 LOC_Os05g44990 LOC_Os08g09800 LOC_Os04g09590 LOC_Os06g21920 LOC_Os03g15680 "
"140","13","LOC_Os06g23210 LOC_Os05g08410 LOC_Os11g34800 LOC_Os06g11060 LOC_Os09g33882 LOC_Os09g36982 LOC_Os05g48650 LOC_Os01g42990 LOC_Os11g11370 LOC_Os10g41050 LOC_Os10g37230 LOC_Os02g18090 LOC_Os03g21800"
"141","13","LOC_Os06g10580 LOC_Os03g15430 LOC_Os12g08180 LOC_Os02g03090 LOC_Os01g52560 LOC_Os03g10450.2 LOC_Os01g65350 LOC_Os11g01220 LOC_Os01g70580 LOC_Os06g28590 LOC_Os12g09220 LOC_Os02g43430 LOC_Os02g57610"
"142","13","LOC_Os05g05980 LOC_Os01g53450 LOC_Os07g03110 LOC_Os01g58754 LOC_Os02g35940 LOC_Os01g16810 LOC_Os02g49720 LOC_Os11g10480 LOC_Os01g42250 LOC_Os08g25140 LOC_Os05g35970 LOC_Os07g46280 LOC_Os02g01760"
"143","13","LOC_Os06g49770 LOC_Os01g71170 LOC_Os03g04240 LOC_Os03g08790 LOC_Os07g32660 LOC_Os01g55150 LOC_Os05g33690 LOC_Os03g06570 LOC_Os04g52880 LOC_Os09g31370 LOC_Os06g39750 LOC_Os01g43610 LOC_Os06g48160"
"144","13","LOC_Os09g12240 LOC_Os08g01760 LOC_Os06g51410 LOC_Os03g56590 LOC_Os01g67550 LOC_Os01g66180 LOC_Os03g44190 LOC_Os01g52450 LOC_Os11g35340 LOC_Os12g01480 LOC_Os09g25330 LOC_Os03g16150 LOC_Os07g22710"
"145","13","LOC_Os11g42540 LOC_Os01g56510 LOC_Os01g59920 LOC_Os07g08140 LOC_Os05g51190 LOC_Os01g48060 LOC_Os01g12900 LOC_Os06g51160 LOC_Os03g11320 LOC_Os06g33549 LOC_Os11g19730 LOC_Os07g42380 LOC_Os01g54990"
"146","13","LOC_Os12g03700 LOC_Os06g12870 LOC_Os06g49680 LOC_Os08g28030 LOC_Os05g47510 LOC_Os09g39780 LOC_Os05g10670 LOC_Os06g05750 LOC_Os02g04740 LOC_Os06g44140 LOC_Os08g01859 LOC_Os06g50520 LOC_Os07g49280"
"147","13","LOC_Os06g15330 LOC_Os05g43760 LOC_Os04g25740 LOC_Os08g13430 LOC_Os05g10310 LOC_Os09g36680 LOC_Os03g04570 LOC_Os01g38610 LOC_Os06g08580 LOC_Os03g63950 LOC_Os06g08570 LOC_Os03g04680 LOC_Os06g23274"
"148","13","LOC_Os07g19030 LOC_Os01g16340 LOC_Os05g06510 LOC_Os10g21360 LOC_Os05g12170 LOC_Os06g44230 LOC_Os03g06190 LOC_Os01g54050 LOC_Os03g15290 LOC_Os09g24460 LOC_Os06g47930 LOC_Os07g40700 LOC_Os02g30410"
"149","13","LOC_Os03g13770 LOC_Os11g02320 LOC_Os02g23930 LOC_Os05g07260 LOC_Os02g12360 LOC_Os01g10050 LOC_Os02g35150 LOC_Os03g51220 LOC_Os02g19220 LOC_Os06g29400 LOC_Os01g61930 LOC_Os02g09170 LOC_Os03g11260"
"15","194","LOC_Os03g44944 LOC_Os03g49960 LOC_Os04g56530 LOC_Os01g34780 LOC_Os04g14510 LOC_Os12g13590 LOC_Os07g29360 LOC_Os01g55300 LOC_Os03g10400 LOC_Os02g46450 LOC_Os03g57300 LOC_Os01g07490 LOC_Os05g50434 LOC_Os03g11200 LOC_Os10g41590 LOC_Os07g46180 LOC_Os04g43140 "
"150","13","LOC_Os08g08586 LOC_Os08g32620 LOC_Os01g26130 LOC_Os09g22280 LOC_Os08g08080 LOC_Os02g45490 LOC_Os04g31140 LOC_Os02g07920 LOC_Os08g45240 LOC_Os02g04610 LOC_Os02g49670 LOC_Os11g40610 LOC_Os11g47920"
"151","13","LOC_Os12g02660 LOC_Os01g65094 LOC_Os08g09190 LOC_Os03g02410 LOC_Os12g16524 LOC_Os02g54090 LOC_Os12g31790 LOC_Os05g15040 LOC_Os01g04650 LOC_Os09g03620 LOC_Os06g15990 LOC_Os12g36770 LOC_Os05g12260"
"152","13","LOC_Os10g41150 LOC_Os07g47180 LOC_Os02g56910 LOC_Os08g07300 LOC_Os09g36480 LOC_Os11g10760 LOC_Os07g37680 LOC_Os02g51420 LOC_Os08g27630 LOC_Os09g13630 LOC_Os02g10230 LOC_Os02g21269 LOC_Os02g07420"
"153","13","LOC_Os03g33012 LOC_Os03g24900 LOC_Os05g47930 LOC_Os03g07130 LOC_Os07g46710 LOC_Os06g12580 LOC_Os03g16740 LOC_Os06g01390 LOC_Os05g01560 LOC_Os01g07760 LOC_Os01g43410 LOC_Os10g37880 LOC_Os05g34050"
"154","13","LOC_Os01g70160 LOC_Os06g38940 LOC_Os04g41910 LOC_Os01g54784 LOC_Os05g41530 LOC_Os02g35160 LOC_Os01g15010 LOC_Os02g32110 LOC_Os03g25770 LOC_Os05g03910 LOC_Os12g18860 LOC_Os04g51080 LOC_Os12g32986"
"155","13","LOC_Os07g06130 LOC_Os09g04800 LOC_Os02g17470 LOC_Os07g09000 LOC_Os06g25294 LOC_Os04g40874 LOC_Os12g42980 LOC_Os08g44210 LOC_Os08g01290 LOC_Os09g33630 LOC_Os04g03796.2 LOC_Os04g40030 LOC_Os01g56200"
"156","13","LOC_Os02g15880 LOC_Os02g03850 LOC_Os06g42720 LOC_Os12g36670 LOC_Os05g41120 LOC_Os03g43760 LOC_Os03g21720 LOC_Os08g04620 LOC_Os07g44610 LOC_Os01g67054 LOC_Os02g49080 LOC_Os07g48820 LOC_Os05g04700"
"157","12","LOC_Os07g34990 LOC_Os01g71700 LOC_Os11g07140 LOC_Os08g03240 LOC_Os02g49590 LOC_Os01g27480 LOC_Os09g09540 LOC_Os05g11300 LOC_Os04g55440 LOC_Os06g22340 LOC_Os01g26390 LOC_Os04g49500"
"158","12","LOC_Os01g46650 LOC_Os07g45210 LOC_Os01g46450 LOC_Os02g04750 LOC_Os05g02210 LOC_Os04g48950 LOC_Os03g48160 LOC_Os02g27790 LOC_Os08g43880 LOC_Os12g16650 LOC_Os01g40740 LOC_Os08g27640"
"159","12","LOC_Os08g41550 LOC_Os02g27810 LOC_Os08g38600 LOC_Os04g52770 LOC_Os08g31769 LOC_Os11g31420 LOC_Os09g23720 LOC_Os11g08370 LOC_Os02g51000 LOC_Os10g39500 LOC_Os07g36150 LOC_Os04g21660"
"16","170","LOC_Os02g54190 LOC_Os11g01730 LOC_Os11g42450 LOC_Os02g09620 LOC_Os07g39850 LOC_Os11g19480 LOC_Os09g27590 LOC_Os04g42100 LOC_Os07g41660 LOC_Os03g59240 LOC_Os01g57150 LOC_Os12g13300 LOC_Os01g57650 LOC_Os09g24810 LOC_Os02g36890 LOC_Os02g50040 LOC_Os01g33080 "
"160","12","LOC_Os08g37930 LOC_Os12g43440 LOC_Os04g41640 LOC_Os11g06980 LOC_Os04g41620 LOC_Os04g41680 LOC_Os12g43450 LOC_Os09g17560 LOC_Os01g28500 LOC_Os04g27670 LOC_Os03g42600 LOC_Os07g05360"
"161","12","LOC_Os12g38350 LOC_Os02g33380 LOC_Os04g31460 LOC_Os01g71210 LOC_Os07g41590 LOC_Os02g14890 LOC_Os12g38360 LOC_Os03g52880 LOC_Os08g34550 LOC_Os03g02660 LOC_Os03g04660 LOC_Os05g28520"
"162","12","LOC_Os06g49310 LOC_Os02g05686 LOC_Os01g72820 LOC_Os04g31900 LOC_Os05g32810 LOC_Os11g31620 LOC_Os03g40410 LOC_Os12g05090 LOC_Os05g41240 LOC_Os10g22950 LOC_Os03g61130 LOC_Os07g26210"
"163","12","LOC_Os03g08000 LOC_Os01g53000 LOC_Os08g06610 LOC_Os06g45840 LOC_Os06g30750 LOC_Os03g50620 LOC_Os01g65320 LOC_Os09g34070.2 LOC_Os01g09252 LOC_Os01g65310 LOC_Os04g56480 LOC_Os04g38970"
"164","12","LOC_Os07g25450 LOC_Os04g54430 LOC_Os01g34190 LOC_Os11g06860 LOC_Os04g35070 LOC_Os03g27460 LOC_Os05g02260 LOC_Os03g54200 LOC_Os02g02270 LOC_Os03g60120 LOC_Os01g63420 LOC_Os07g39620"
"165","12","LOC_Os07g43460 LOC_Os08g30480 LOC_Os08g03370 LOC_Os04g32020 LOC_Os08g35740 LOC_Os01g48390 LOC_Os07g49030 LOC_Os08g16559 LOC_Os06g19690 LOC_Os02g52430 LOC_Os03g04000 LOC_Os03g04430"
"166","12","LOC_Os03g25070 LOC_Os03g15730 LOC_Os08g34140 LOC_Os01g55050 LOC_Os11g19130 LOC_Os09g32680 LOC_Os07g13270 LOC_Os01g05090 LOC_Os08g07830 LOC_Os03g15480 LOC_Os07g01910 LOC_Os03g59170"
"167","12","LOC_Os04g31700 LOC_Os10g39440 LOC_Os04g44840 LOC_Os03g13274 LOC_Os06g29380 LOC_Os01g10290 LOC_Os12g24170 LOC_Os12g02830 LOC_Os04g40520 LOC_Os10g41340 LOC_Os11g40410 LOC_Os11g16280"
"168","12","LOC_Os07g31280 LOC_Os06g44210 LOC_Os02g32160 LOC_Os03g09100 LOC_Os06g33570 LOC_Os02g48790 LOC_Os03g12350 LOC_Os03g24450 LOC_Os01g02200 LOC_Os07g31460 LOC_Os04g49510 LOC_Os06g51480"
"169","11","LOC_Os04g10800 LOC_Os11g01900 LOC_Os07g34190 LOC_Os11g08020 LOC_Os12g09770 LOC_Os02g17090 LOC_Os11g39680 LOC_Os11g46950 LOC_Os11g28104 LOC_Os09g18159 LOC_Os08g36540"
"17","157","LOC_Os01g50700 LOC_Os05g28350 LOC_Os08g36900 LOC_Os03g04080 LOC_Os12g27210 LOC_Os12g05330 LOC_Os02g25680 LOC_Os06g43910 LOC_Os07g49210 LOC_Os04g51796 LOC_Os02g29590 LOC_Os09g39730 LOC_Os03g06180 LOC_Os01g04660 LOC_Os05g48416 LOC_Os01g53650 LOC_Os09g20440 "
"170","11","LOC_Os07g30330 LOC_Os04g35250 LOC_Os04g56920 LOC_Os08g19694 LOC_Os02g12770 LOC_Os03g47830 LOC_Os02g16780 LOC_Os06g10790 LOC_Os01g66250 LOC_Os01g24500 LOC_Os02g17880"
"171","11","LOC_Os03g10310 LOC_Os10g30610 LOC_Os10g30770 LOC_Os08g28240 LOC_Os01g66270 LOC_Os03g17810 LOC_Os02g33590 LOC_Os02g26430 LOC_Os07g37210 LOC_Os10g37570 LOC_Os04g47630"
"172","11","LOC_Os06g46340 LOC_Os01g43340 LOC_Os03g35600 LOC_Os04g45020 LOC_Os12g06180 LOC_Os05g50920 LOC_Os08g01530 LOC_Os05g31910 LOC_Os06g24490 LOC_Os10g23060 LOC_Os08g28970"
"173","11","LOC_Os02g03600 LOC_Os07g36870 LOC_Os01g08010 LOC_Os06g46390 LOC_Os03g40000 LOC_Os04g32770 LOC_Os08g27140 LOC_Os01g37670 LOC_Os08g36170 LOC_Os01g62360 LOC_Os11g04850"
"174","11","LOC_Os08g24790 LOC_Os01g61160 LOC_Os03g17350 LOC_Os07g40910 LOC_Os08g37300 LOC_Os10g37400 LOC_Os11g31090 LOC_Os07g40870 LOC_Os07g40850 LOC_Os06g16350 LOC_Os07g40890"
"175","11","LOC_Os02g58100 LOC_Os06g28630 LOC_Os07g27880 LOC_Os10g42800 LOC_Os03g19240 LOC_Os06g47910 LOC_Os10g22600 LOC_Os03g26930 LOC_Os03g17590 LOC_Os03g52160 LOC_Os09g27940"
"176","11","LOC_Os02g08140 LOC_Os09g23110 LOC_Os02g27490 LOC_Os03g48920 LOC_Os04g25570 LOC_Os02g35630 LOC_Os04g31690 LOC_Os03g04440 LOC_Os08g27150 LOC_Os04g51820 LOC_Os06g12100"
"177","11","LOC_Os10g13630 LOC_Os01g40980 LOC_Os12g37770 LOC_Os01g05620 LOC_Os09g29420 LOC_Os06g45330 LOC_Os05g24660 LOC_Os06g03940 LOC_Os04g35600 LOC_Os04g35620 LOC_Os11g19720"
"178","11","LOC_Os01g31050 LOC_Os11g15624 LOC_Os01g72370 LOC_Os03g31730 LOC_Os07g15460 LOC_Os01g46720 LOC_Os01g45914 LOC_Os10g11889 LOC_Os03g54000 LOC_Os03g26210 LOC_Os12g13350"
"179","11","LOC_Os06g09170 LOC_Os12g04240 LOC_Os03g09870 LOC_Os03g43360 LOC_Os01g47620 LOC_Os11g04480 LOC_Os09g36440 LOC_Os01g68680 LOC_Os04g47370 LOC_Os01g57450 LOC_Os01g61420"
"18","151","LOC_Os12g08200 LOC_Os04g32860 LOC_Os03g13200 LOC_Os07g44090 LOC_Os01g62480 LOC_Os02g03294 LOC_Os01g22640 LOC_Os03g16290 LOC_Os06g02800 LOC_Os10g12750 LOC_Os01g17470 LOC_Os08g40420 LOC_Os10g32980 LOC_Os02g40100 LOC_Os05g09740 LOC_Os06g02810 LOC_Os08g30080 "
"180","11","LOC_Os11g40390 LOC_Os10g34614 LOC_Os08g29520 LOC_Os05g30870 LOC_Os07g29780 LOC_Os01g61890 LOC_Os08g02330 LOC_Os03g55784 LOC_Os09g17770 LOC_Os10g34470 LOC_Os07g08430"
"181","11","LOC_Os01g73656 LOC_Os01g68010 LOC_Os11g03050 LOC_Os01g31770 LOC_Os03g22400 LOC_Os07g47030 LOC_Os12g02820 LOC_Os12g06640 LOC_Os06g24870 LOC_Os06g04470 LOC_Os01g55890"
"182","11","LOC_Os01g42460 LOC_Os08g27040 LOC_Os02g42540 LOC_Os04g56730 LOC_Os08g37380 LOC_Os04g57920 LOC_Os03g08730 LOC_Os05g01060 LOC_Os03g03450 LOC_Os06g43130 LOC_Os05g46030"
"183","11","LOC_Os09g04210 LOC_Os03g63010 LOC_Os11g24170 LOC_Os02g20940 LOC_Os10g15390 LOC_Os10g34200 LOC_Os11g03734 LOC_Os11g07060 LOC_Os04g18010 LOC_Os09g22540 LOC_Os02g21190"
"184","11","LOC_Os11g04500 LOC_Os11g24050 LOC_Os08g37720 LOC_Os06g50310 LOC_Os12g15222 LOC_Os03g03610 LOC_Os08g21590 LOC_Os12g18729 LOC_Os03g60820 LOC_Os07g37560 LOC_Os01g71620"
"185","11","LOC_Os01g39800 LOC_Os03g22670 LOC_Os02g21630 LOC_Os03g58710 LOC_Os08g34879 LOC_Os12g29990 LOC_Os11g03970 LOC_Os12g03810 LOC_Os08g34750 LOC_Os05g43790 LOC_Os08g34060"
"186","11","LOC_Os04g52710 LOC_Os03g02010 LOC_Os07g28280 LOC_Os10g42950 LOC_Os04g56440 LOC_Os08g31470 LOC_Os09g38790 LOC_Os04g48310 LOC_Os02g50290 LOC_Os03g58260 LOC_Os01g08814"
"187","11","LOC_Os03g55070 LOC_Os02g41590 LOC_Os03g60090 LOC_Os06g04280 LOC_Os12g42884 LOC_Os11g26850 LOC_Os12g42876 LOC_Os06g02144 LOC_Os11g26860 LOC_Os05g04510 LOC_Os05g41440"
"19","140","LOC_Os11g02350 LOC_Os01g51840 LOC_Os06g06780 LOC_Os09g32010 LOC_Os07g38060 LOC_Os12g38400 LOC_Os03g43670 LOC_Os08g29200 LOC_Os01g19220 LOC_Os08g44620 LOC_Os06g34120 LOC_Os05g02670 LOC_Os03g50560 LOC_Os07g48370 LOC_Os12g07160 LOC_Os01g71220 LOC_Os04g01500 "
"2","1755","LOC_Os09g26100 LOC_Os11g16450 LOC_Os09g28610 LOC_Os11g40750 LOC_Os06g30820 LOC_Os07g38740 LOC_Os01g73710 LOC_Os01g58340 LOC_Os12g09320 LOC_Os09g36870 LOC_Os05g22300 LOC_Os01g57400 LOC_Os03g32140 LOC_Os03g56180 LOC_Os01g02430 LOC_Os06g10700 LOC_Os04g27300 "
"20","136","LOC_Os10g05410 LOC_Os02g15260 LOC_Os04g46850 LOC_Os01g71060 LOC_Os06g49290 LOC_Os11g10610 LOC_Os05g49010 LOC_Os02g09760 LOC_Os08g08710 LOC_Os03g59840 LOC_Os02g01810 LOC_Os01g61550 LOC_Os02g45280 LOC_Os06g29710 LOC_Os03g07660 LOC_Os04g23910 LOC_Os03g13150 "
"21","125","LOC_Os01g55549 LOC_Os09g32120 LOC_Os02g03210 LOC_Os10g01650 LOC_Os04g02560 LOC_Os02g09270 LOC_Os02g12550 LOC_Os08g26990 LOC_Os04g39760 LOC_Os06g42620 LOC_Os06g17480 LOC_Os02g43030 LOC_Os06g47260 LOC_Os06g36000 LOC_Os03g08560 LOC_Os07g35740 LOC_Os10g07510 "
"22","119","LOC_Os03g01520 LOC_Os04g12720 LOC_Os03g60279 LOC_Os02g39620 LOC_Os03g15370 LOC_Os05g15920 LOC_Os06g04420 LOC_Os07g41470 LOC_Os11g43790 LOC_Os11g30010 LOC_Os01g56430 LOC_Os08g23960 LOC_Os05g35050 LOC_Os01g19430 LOC_Os03g56050 LOC_Os01g64430 LOC_Os11g13620 "
"23","102","LOC_Os02g12370 LOC_Os11g34700 LOC_Os10g35650 LOC_Os08g19680 LOC_Os11g34624 LOC_Os06g06670 LOC_Os09g34870 LOC_Os11g10250 LOC_Os08g09780 LOC_Os11g15520 LOC_Os05g05070 LOC_Os06g12360 LOC_Os03g30910 LOC_Os08g40020 LOC_Os07g44170 LOC_Os05g49740 LOC_Os09g38310 "
"24","102","LOC_Os09g30462 LOC_Os02g16670 LOC_Os02g18940 LOC_Os02g27440 LOC_Os02g44970 LOC_Os02g21520 LOC_Os06g30830 LOC_Os01g50830 LOC_Os02g26560 LOC_Os12g04110 LOC_Os11g16540 LOC_Os09g17870 LOC_Os09g03310 LOC_Os01g70720 LOC_Os06g24910 LOC_Os02g46720 LOC_Os11g43934."
"25","99","LOC_Os12g42600 LOC_Os02g37910 LOC_Os04g01530 LOC_Os10g03740 LOC_Os03g42230 LOC_Os11g07124 LOC_Os03g13830 LOC_Os08g09710 LOC_Os01g02320 LOC_Os06g04340 LOC_Os03g48010 LOC_Os02g26390 LOC_Os12g42050 LOC_Os03g59530 LOC_Os01g68240 LOC_Os11g32780 LOC_Os11g41560 "
"26","92","LOC_Os11g03610 LOC_Os11g04900 LOC_Os04g39570 LOC_Os12g41780 LOC_Os01g45620 LOC_Os02g56570 LOC_Os05g08460 LOC_Os02g48330 LOC_Os10g13830 LOC_Os06g05560 LOC_Os07g16970 LOC_Os04g30450 LOC_Os03g43730 LOC_Os07g33370 LOC_Os10g22910 LOC_Os09g20000 LOC_Os05g45340 "
"27","91","LOC_Os08g43560 LOC_Os01g01720 LOC_Os03g26791 LOC_Os12g37550 LOC_Os01g01420 LOC_Os08g01360 LOC_Os02g55200 LOC_Os07g45350 LOC_Os12g01240 LOC_Os06g11380 LOC_Os12g21700 LOC_Os09g36800 LOC_Os06g49790 LOC_Os06g51360 LOC_Os06g30910 LOC_Os03g09110 LOC_Os06g09890 "
"28","88","LOC_Os04g23319 LOC_Os04g22220 LOC_Os02g35240 LOC_Os10g38720 LOC_Os05g28810 LOC_Os11g11540 LOC_Os11g11680 LOC_Os12g10230 LOC_Os04g45700 LOC_Os02g15730 LOC_Os01g64910 LOC_Os05g41280 LOC_Os07g48650 LOC_Os02g21009.2 LOC_Os07g47080 LOC_Os02g53280 LOC_Os01g1686"
"29","83","LOC_Os01g02570 LOC_Os11g35890 LOC_Os09g09500 LOC_Os04g54070 LOC_Os01g74160 LOC_Os07g17970 LOC_Os01g02790 LOC_Os09g09510 LOC_Os02g16070 LOC_Os02g31860 LOC_Os01g02780 LOC_Os01g48620 LOC_Os02g40130 LOC_Os02g18080 LOC_Os10g04720 LOC_Os02g13430 LOC_Os11g01240 "
"3","1214","LOC_Os03g22634 LOC_Os04g46990 LOC_Os01g65260 LOC_Os08g08500 LOC_Os02g37600 LOC_Os07g37230 LOC_Os01g64670 LOC_Os11g43960 LOC_Os03g17660 LOC_Os09g25590 LOC_Os03g05800 LOC_Os12g08220 LOC_Os11g47980 LOC_Os03g25850 LOC_Os07g06800 LOC_Os03g12700 LOC_Os02g04510 "
"30","71","LOC_Os11g03710 LOC_Os03g26440 LOC_Os06g45900 LOC_Os12g13110 LOC_Os05g05310 LOC_Os07g40310 LOC_Os01g04600 LOC_Os03g60690 LOC_Os08g01870 LOC_Os07g12590 LOC_Os05g06150 LOC_Os04g23630 LOC_Os06g40840 LOC_Os08g41580 LOC_Os06g06930 LOC_Os11g04910 LOC_Os06g49130 "
"31","71","LOC_Os03g13370 LOC_Os07g19460 LOC_Os01g42620 LOC_Os12g27060 LOC_Os01g08540 LOC_Os06g33530 LOC_Os12g32210.2 LOC_Os03g37320 LOC_Os10g02650 LOC_Os01g16060 LOC_Os02g56090 LOC_Os04g52200 LOC_Os01g59320 LOC_Os04g53070 LOC_Os05g31220 LOC_Os11g19764 LOC_Os12g1809"
"32","69","LOC_Os04g56910 LOC_Os09g26940 LOC_Os02g17000 LOC_Os09g20260 LOC_Os07g34140 LOC_Os06g34640 LOC_Os03g58500 LOC_Os06g06230 LOC_Os06g13380 LOC_Os04g32790 LOC_Os01g73770 LOC_Os01g65950 LOC_Os04g52210 LOC_Os05g07120 LOC_Os11g19340 LOC_Os07g34280 LOC_Os02g57810 "
"33","64","LOC_Os06g42890 LOC_Os03g18990 LOC_Os03g11030 LOC_Os12g31370 LOC_Os05g26032 LOC_Os04g40290 LOC_Os05g13300 LOC_Os04g49860 LOC_Os08g36330 LOC_Os03g15810 LOC_Os04g44640 LOC_Os04g45330 LOC_Os07g03150 LOC_Os02g52510 LOC_Os09g26760 LOC_Os09g37920 LOC_Os05g11980 "
"34","61","LOC_Os06g30179 LOC_Os12g33220 LOC_Os03g52080 LOC_Os05g48990 LOC_Os01g71070 LOC_Os04g48140 LOC_Os08g36700 LOC_Os12g44270 LOC_Os05g25490 LOC_Os03g59290 LOC_Os12g40730 LOC_Os01g67830 LOC_Os03g53610 LOC_Os08g28660 LOC_Os03g42430 LOC_Os03g21260 LOC_Os07g22170 "
"35","52","LOC_Os08g35510 LOC_Os01g71410 LOC_Os06g32980 LOC_Os02g51440 LOC_Os10g17950 LOC_Os11g25220 LOC_Os03g32220 LOC_Os01g35100 LOC_Os07g40080 LOC_Os11g42290 LOC_Os09g09550 LOC_Os04g41770 LOC_Os12g39330 LOC_Os07g20290 LOC_Os07g11870 LOC_Os07g03590 LOC_Os04g03100 "
"36","51","LOC_Os03g31170 LOC_Os03g58970 LOC_Os04g25400 LOC_Os01g07250 LOC_Os06g49040 LOC_Os01g73670 LOC_Os12g12170 LOC_Os06g35910 LOC_Os12g22839 LOC_Os01g48270 LOC_Os06g12220 LOC_Os05g33100 LOC_Os02g08544 LOC_Os01g56949 LOC_Os04g47690 LOC_Os02g55140 LOC_Os05g45950 "
"37","48","LOC_Os08g01750 LOC_Os08g05750 LOC_Os05g19270 LOC_Os06g33980 LOC_Os05g02490 LOC_Os07g13520 LOC_Os06g05920 LOC_Os03g02544 LOC_Os10g36190 LOC_Os01g56870 LOC_Os09g14880 LOC_Os05g33760 LOC_Os02g32570 LOC_Os02g58030 LOC_Os01g44394 LOC_Os12g10710 LOC_Os07g02980 "
"38","48","LOC_Os05g02650 LOC_Os10g29540 LOC_Os01g56800 LOC_Os02g35070 LOC_Os08g01920 LOC_Os08g05840 LOC_Os02g53210 LOC_Os05g07070.3 LOC_Os01g03520 LOC_Os10g37480 LOC_Os01g08420 LOC_Os03g58910 LOC_Os01g08430 LOC_Os09g07900 LOC_Os02g47410 LOC_Os02g34850 LOC_Os01g1502"
"39","47","LOC_Os12g32770 LOC_Os01g02580 LOC_Os01g54490 LOC_Os09g19500 LOC_Os10g04730 LOC_Os01g02370 LOC_Os12g09720 LOC_Os08g14950 LOC_Os11g29990 LOC_Os06g06300 LOC_Os06g18930 LOC_Os02g13620 LOC_Os03g39690 LOC_Os07g03950 LOC_Os11g19240 LOC_Os11g18110 LOC_Os11g35860 "
"4","933","LOC_Os07g45560 LOC_Os11g35380 LOC_Os08g38050 LOC_Os02g25910 LOC_Os11g10620 LOC_Os10g39690 LOC_Os12g44010 LOC_Os05g36090 LOC_Os01g16320 LOC_Os06g11960 LOC_Os10g28170 LOC_Os06g02720 LOC_Os09g02030 LOC_Os12g08150 LOC_Os02g50150 LOC_Os01g46860 LOC_Os10g04160 "
"40","47","LOC_Os02g01830 LOC_Os10g18090 LOC_Os01g19420 LOC_Os03g16880 LOC_Os04g08640 LOC_Os11g14410 LOC_Os07g07500 LOC_Os09g13400 LOC_Os08g31420 LOC_Os09g24560 LOC_Os04g43740 LOC_Os04g32610 LOC_Os01g04360 LOC_Os06g01590 LOC_Os03g49310 LOC_Os03g39270 LOC_Os02g53240 "
"41","44","LOC_Os09g18594 LOC_Os11g10310 LOC_Os11g03580 LOC_Os04g47770 LOC_Os10g28370 LOC_Os09g31514 LOC_Os02g51820 LOC_Os04g26320 LOC_Os01g50170 LOC_Os07g42730 LOC_Os08g04430 LOC_Os11g12810 LOC_Os02g14440 LOC_Os10g08474 LOC_Os12g38170 LOC_Os05g51240 LOC_Os08g13570 "
"42","43","LOC_Os12g12720 LOC_Os02g10360 LOC_Os04g42650 LOC_Os07g39390 LOC_Os04g51890 LOC_Os05g02350 LOC_Os08g01550 LOC_Os11g44910 LOC_Os06g23950 LOC_Os04g04390 LOC_Os04g02680 LOC_Os09g32910 LOC_Os02g18540 LOC_Os03g61700 LOC_Os03g24690 LOC_Os02g42250 LOC_Os06g23420 "
"43","42","LOC_Os12g25680 LOC_Os01g73480 LOC_Os02g20690 LOC_Os05g30580 LOC_Os08g03770 LOC_Os05g41166 LOC_Os02g39960 LOC_Os10g10540 LOC_Os06g23910 LOC_Os03g44920 LOC_Os01g53590 LOC_Os12g41260 LOC_Os03g47640 LOC_Os11g08460 LOC_Os01g42760 LOC_Os05g33200 LOC_Os01g06040 "
"44","42","LOC_Os11g19460 LOC_Os12g05000 LOC_Os01g49670 LOC_Os06g51500 LOC_Os02g53330 LOC_Os10g32730 LOC_Os09g36270 LOC_Os07g45194 LOC_Os07g42632 LOC_Os01g56310 LOC_Os01g04990 LOC_Os09g29840 LOC_Os12g35640 LOC_Os02g51100 LOC_Os12g03500 LOC_Os06g27770 LOC_Os03g17470 "
"45","40","LOC_Os01g01940 LOC_Os01g10930 LOC_Os01g71420 LOC_Os03g55090 LOC_Os06g49150 LOC_Os11g32100 LOC_Os03g21090 LOC_Os04g45821 LOC_Os01g55280 LOC_Os11g05300 LOC_Os10g41310 LOC_Os09g12660 LOC_Os05g34320 LOC_Os01g10850 LOC_Os01g68840 LOC_Os04g52890 LOC_Os03g44420 "
"46","38","LOC_Os01g42310 LOC_Os05g02754 LOC_Os03g03980 LOC_Os07g48800 LOC_Os08g06730 LOC_Os02g39510 LOC_Os04g56570 LOC_Os04g30750 LOC_Os11g14000 LOC_Os11g07710 LOC_Os01g03300 LOC_Os05g33160 LOC_Os05g25560 LOC_Os05g34730 LOC_Os12g43410 LOC_Os01g50350 LOC_Os02g41500 "
"47","35","LOC_Os05g45480 LOC_Os06g44750 LOC_Os02g40070 LOC_Os05g45460 LOC_Os02g52000 LOC_Os06g06860 LOC_Os04g04330 LOC_Os06g22100 LOC_Os01g71080 LOC_Os06g35480 LOC_Os01g43720 LOC_Os12g22800 LOC_Os06g38990 LOC_Os09g12970 LOC_Os11g32030 LOC_Os02g56930 LOC_Os04g56950 "
"48","34","LOC_Os12g37160 LOC_Os10g35750 LOC_Os11g10400 LOC_Os05g51050 LOC_Os09g03990 LOC_Os03g51680 LOC_Os12g34854 LOC_Os08g41480 LOC_Os01g43520 LOC_Os07g33100 LOC_Os12g03822 LOC_Os08g35930 LOC_Os07g45360 LOC_Os06g06370 LOC_Os02g03590 LOC_Os12g05810 LOC_Os11g02720 "
"49","33","LOC_Os05g33870 LOC_Os01g74340 LOC_Os12g10520 LOC_Os09g27410 LOC_Os01g07790 LOC_Os06g05830 LOC_Os04g50940 LOC_Os09g21660 LOC_Os01g25630 LOC_Os07g36560 LOC_Os06g29950 LOC_Os07g09480 LOC_Os05g10420 LOC_Os06g13200 LOC_Os10g40350 LOC_Os04g45850 LOC_Os11g34570 "
"5","561","LOC_Os05g45570 LOC_Os12g05120 LOC_Os02g03030 LOC_Os06g09420 LOC_Os12g29980 LOC_Os04g39670 LOC_Os05g49820 LOC_Os05g11570 LOC_Os01g47180 LOC_Os07g44690 LOC_Os03g49200 LOC_Os07g43540 LOC_Os03g06610 LOC_Os09g11440 LOC_Os01g04170 LOC_Os12g40860 LOC_Os11g03430 "
"50","33","LOC_Os12g13174 LOC_Os03g18880 LOC_Os12g42739 LOC_Os09g25880 LOC_Os03g52310 LOC_Os08g01430 LOC_Os07g13460 LOC_Os02g30530 LOC_Os04g29040 LOC_Os10g08599 LOC_Os01g64350 LOC_Os06g23800 LOC_Os02g14874 LOC_Os01g35160 LOC_Os07g28910 LOC_Os02g21870 LOC_Os11g46300 "
"51","32","LOC_Os02g53970 LOC_Os03g06900 LOC_Os09g16449 LOC_Os03g56110 LOC_Os04g09620 LOC_Os08g36340 LOC_Os04g08824 LOC_Os07g01820 LOC_Os04g53300 LOC_Os06g06320 LOC_Os07g03840 LOC_Os04g09430 LOC_Os12g11620 LOC_Os12g11980 LOC_Os03g14630 LOC_Os11g10520 LOC_Os10g02840 "
"52","32","LOC_Os11g37759 LOC_Os01g64870 LOC_Os03g48190 LOC_Os04g31020 LOC_Os11g02660 LOC_Os01g28989 LOC_Os11g36440 LOC_Os07g13220 LOC_Os03g08284 LOC_Os02g38430 LOC_Os05g01540 LOC_Os04g51050.2 LOC_Os01g01150 LOC_Os08g41270 LOC_Os03g07410 LOC_Os07g42700 LOC_Os03g1022"
"53","31","LOC_Os06g12350 LOC_Os01g38670 LOC_Os01g34920 LOC_Os02g02010 LOC_Os03g31430 LOC_Os10g05720 LOC_Os08g33430 LOC_Os04g50820 LOC_Os08g04580 LOC_Os03g53790 LOC_Os11g32580 LOC_Os03g46400 LOC_Os10g18400 LOC_Os11g37280 LOC_Os06g14220 LOC_Os03g56940 LOC_Os06g42860 "
"54","30","LOC_Os04g28420 LOC_Os01g04380 LOC_Os05g44340 LOC_Os02g54140 LOC_Os02g40900 LOC_Os02g08490 LOC_Os02g15930 LOC_Os01g21420 LOC_Os03g16030 LOC_Os06g09820 LOC_Os03g16020 LOC_Os06g46900 LOC_Os01g70950 LOC_Os04g45480 LOC_Os05g48810 LOC_Os03g13450 LOC_Os06g39240 "
"55","30","LOC_Os02g57830 LOC_Os01g16080 LOC_Os01g69850 LOC_Os05g45750 LOC_Os05g22260 LOC_Os03g58340 LOC_Os07g27300 LOC_Os01g59800 LOC_Os02g52250 LOC_Os07g32420 LOC_Os09g10710 LOC_Os04g52380 LOC_Os09g28220 LOC_Os06g05100 LOC_Os04g56450 LOC_Os04g51960 LOC_Os01g40050 "
"56","29","LOC_Os02g48000 LOC_Os05g31062 LOC_Os01g39310 LOC_Os01g23590 LOC_Os02g47970 LOC_Os08g21350 LOC_Os02g38050 LOC_Os02g31150 LOC_Os01g51200 LOC_Os08g42740 LOC_Os07g23790 LOC_Os07g46590 LOC_Os02g43090 LOC_Os03g14380 LOC_Os01g56580 LOC_Os03g22420 LOC_Os03g12550 "
"57","29","LOC_Os06g13060 LOC_Os12g37850 LOC_Os09g10820 LOC_Os07g16040 LOC_Os06g07860 LOC_Os07g44040 LOC_Os03g02270 LOC_Os01g13720 LOC_Os08g40100 LOC_Os02g09470 LOC_Os01g63250 LOC_Os03g45344 LOC_Os04g42000 LOC_Os10g36870 LOC_Os07g07240 LOC_Os09g23360 LOC_Os08g03380 "
"58","28","LOC_Os11g37340 LOC_Os09g28489 LOC_Os12g05470 LOC_Os01g51460 LOC_Os03g50410 LOC_Os06g11260 LOC_Os02g54440 LOC_Os06g32944 LOC_Os01g44340 LOC_Os10g40270 LOC_Os01g07030 LOC_Os02g45100 LOC_Os03g10820 LOC_Os05g26210 LOC_Os01g41050 LOC_Os07g32080 LOC_Os09g38010 "
"59","27","LOC_Os03g60360 LOC_Os04g49420 LOC_Os08g38300 LOC_Os03g17100 LOC_Os02g45940 LOC_Os01g64640 LOC_Os09g30150 LOC_Os09g26340 LOC_Os05g38740 LOC_Os03g02780 LOC_Os05g39050 LOC_Os01g61920 LOC_Os01g39840 LOC_Os05g25180 LOC_Os01g05970 LOC_Os01g05900 LOC_Os01g05630 "
"6","429","LOC_Os03g20710 LOC_Os03g01240 LOC_Os01g51770 LOC_Os04g34540 LOC_Os09g25380 LOC_Os04g25960 LOC_Os04g55130 LOC_Os05g02564 LOC_Os02g29040 LOC_Os01g66730 LOC_Os01g10140 LOC_Os08g42600 LOC_Os04g39780 LOC_Os04g35114 LOC_Os03g63650 LOC_Os09g36160 LOC_Os04g46600 "
"60","26","LOC_Os07g17010 LOC_Os02g08450 LOC_Os05g35830 LOC_Os03g40040 LOC_Os01g14220 LOC_Os12g37620 LOC_Os04g48220 LOC_Os07g18780 LOC_Os12g13800 LOC_Os11g38640 LOC_Os04g25370 LOC_Os07g11150 LOC_Os06g37830 LOC_Os07g39970 LOC_Os06g44330 LOC_Os01g60050 LOC_Os12g41140 "
"61","26","LOC_Os06g45980 LOC_Os10g12354 LOC_Os02g33610 LOC_Os01g53890 LOC_Os01g08930 LOC_Os03g24844 LOC_Os12g01590 LOC_Os02g58550 LOC_Os03g60910 LOC_Os03g01216 LOC_Os03g08480 LOC_Os04g54500 LOC_Os08g04450 LOC_Os06g12129 LOC_Os04g06280 LOC_Os01g35170 LOC_Os07g22494 "
"62","25","LOC_Os02g29140 LOC_Os07g48170 LOC_Os02g32670 LOC_Os08g36570 LOC_Os05g01230 LOC_Os01g54810 LOC_Os07g48180 LOC_Os01g51230 LOC_Os02g39390 LOC_Os08g06420 LOC_Os04g48490 LOC_Os01g08470 LOC_Os06g44310 LOC_Os09g32320 LOC_Os08g39270 LOC_Os12g40790 LOC_Os01g42960 "
"63","25","LOC_Os01g20730 LOC_Os03g60720 LOC_Os10g42620 LOC_Os03g14900 LOC_Os03g14170 LOC_Os07g37700 LOC_Os02g08230 LOC_Os07g09620 LOC_Os03g08360 LOC_Os04g40730 LOC_Os01g16140 LOC_Os04g52164 LOC_Os08g42040 LOC_Os09g25850 LOC_Os12g37650 LOC_Os04g44610 LOC_Os05g50720 "
"64","24","LOC_Os05g25390 LOC_Os07g07390 LOC_Os08g39940 LOC_Os03g11630 LOC_Os12g29500 LOC_Os01g36550 LOC_Os01g51690 LOC_Os11g18870 LOC_Os11g47447 LOC_Os01g05960 LOC_Os11g44690 LOC_Os01g52330 LOC_Os02g12410 LOC_Os04g46060 LOC_Os07g31250 LOC_Os03g04900 LOC_Os11g41850 "
"65","24","LOC_Os12g43780 LOC_Os07g05110 LOC_Os09g13410 LOC_Os02g19640 LOC_Os11g18660 LOC_Os03g50820 LOC_Os02g24740 LOC_Os03g28190 LOC_Os01g60940 LOC_Os07g41320 LOC_Os12g01900 LOC_Os04g59370 LOC_Os08g02300 LOC_Os10g38910 LOC_Os12g08160 LOC_Os09g04624 LOC_Os02g57770 "
"66","24","LOC_Os01g02300 LOC_Os12g17700 LOC_Os01g02050 LOC_Os06g46730 LOC_Os10g12190 LOC_Os11g08440 LOC_Os12g40300 LOC_Os03g43100 LOC_Os06g36210 LOC_Os11g06070 LOC_Os04g43210 LOC_Os01g09230 LOC_Os01g69930 LOC_Os07g40290 LOC_Os02g31910 LOC_Os08g38730 LOC_Os03g10710 "
"67","24","LOC_Os02g52220 LOC_Os07g28260 LOC_Os07g47970 LOC_Os08g31440 LOC_Os11g14120 LOC_Os11g19149 LOC_Os12g06930 LOC_Os09g15639 LOC_Os05g43490 LOC_Os04g49990 LOC_Os02g01790 LOC_Os04g30410 LOC_Os11g45890 LOC_Os07g39110 LOC_Os02g55840 LOC_Os02g48184 LOC_Os08g44780 "
"68","22","LOC_Os01g66070 LOC_Os11g43550 LOC_Os01g40200 LOC_Os08g13800 LOC_Os08g41070 LOC_Os04g31250 LOC_Os04g49520 LOC_Os03g03510 LOC_Os11g13980 LOC_Os09g17970 LOC_Os11g44014 LOC_Os11g11420 LOC_Os09g38350 LOC_Os02g25820 LOC_Os09g08300 LOC_Os08g02520 LOC_Os04g47450 "
"69","22","LOC_Os04g38690 LOC_Os08g28600 LOC_Os06g50980 LOC_Os11g46080 LOC_Os07g35570 LOC_Os06g51000 LOC_Os07g38550 LOC_Os12g31160 LOC_Os01g06250 LOC_Os09g30190 LOC_Os04g51510 LOC_Os05g07750 LOC_Os04g41710 LOC_Os11g30680 LOC_Os06g20570 LOC_Os12g12290 LOC_Os04g39230 "
"7","406","LOC_Os06g30210 LOC_Os03g48230 LOC_Os08g34030 LOC_Os05g02730 LOC_Os09g31450 LOC_Os02g13320 LOC_Os03g11710 LOC_Os07g38900 LOC_Os04g33870 LOC_Os02g13310 LOC_Os01g11550 LOC_Os01g13140 LOC_Os10g27120 LOC_Os06g23360 LOC_Os12g43940 LOC_Os04g32300 LOC_Os06g44930 "
"70","22","LOC_Os01g18870 LOC_Os10g05820 LOC_Os02g42060 LOC_Os03g15710 LOC_Os01g27280 LOC_Os03g09150 LOC_Os10g05840 LOC_Os08g41800 LOC_Os04g58790 LOC_Os01g65590 LOC_Os07g14750 LOC_Os08g38810 LOC_Os07g09110 LOC_Os02g02820 LOC_Os01g08710 LOC_Os08g45150 LOC_Os01g38520 "
"71","22","LOC_Os04g57490 LOC_Os07g30690 LOC_Os03g40370 LOC_Os09g15580 LOC_Os02g04060 LOC_Os11g32090 LOC_Os02g01900 LOC_Os05g38280 LOC_Os09g30060 LOC_Os05g46800 LOC_Os12g19090 LOC_Os02g01160 LOC_Os05g12460 LOC_Os04g09450 LOC_Os01g07212 LOC_Os05g46874 LOC_Os11g39430 "
"72","22","LOC_Os04g46120 LOC_Os01g16400 LOC_Os07g04960 LOC_Os06g14630 LOC_Os12g26690 LOC_Os02g09610 LOC_Os11g31940 LOC_Os02g04430 LOC_Os05g28780 LOC_Os03g57980 LOC_Os05g15630 LOC_Os12g26510 LOC_Os03g46150 LOC_Os03g42630 LOC_Os01g63540 LOC_Os07g01110 LOC_Os07g04950 "
"73","22","LOC_Os03g25330 LOC_Os02g43660 LOC_Os03g04220 LOC_Os02g14160 LOC_Os05g48890 LOC_Os07g47750 LOC_Os01g47780 LOC_Os04g41810 LOC_Os05g41990 LOC_Os07g44280 LOC_Os07g18750 LOC_Os01g15830 LOC_Os08g01310 LOC_Os05g12580 LOC_Os07g40130 LOC_Os02g52490 LOC_Os02g44108 "
"74","22","LOC_Os08g41380 LOC_Os11g23170 LOC_Os07g02590 LOC_Os03g50120 LOC_Os01g39670 LOC_Os11g14300 LOC_Os11g38140 LOC_Os01g59620 LOC_Os04g35480 LOC_Os02g02880 LOC_Os01g02180 LOC_Os07g14530 LOC_Os03g16870 LOC_Os02g57330 LOC_Os08g36450 LOC_Os08g09320 LOC_Os02g05440 "
"75","22","LOC_Os10g40200 LOC_Os01g55590 LOC_Os10g32830 LOC_Os04g41270 LOC_Os02g49980 LOC_Os10g33290 LOC_Os01g24680 LOC_Os03g04990 LOC_Os03g30000 LOC_Os05g01700 LOC_Os05g26890 LOC_Os09g07020 LOC_Os07g29600 LOC_Os09g27210 LOC_Os07g44660 LOC_Os01g40330 LOC_Os08g14640 "
"76","22","LOC_Os06g08730 LOC_Os04g47130 LOC_Os07g42770 LOC_Os07g10920 LOC_Os12g06800 LOC_Os03g03880 LOC_Os04g46930 LOC_Os06g08750 LOC_Os11g08080 LOC_Os03g53890 LOC_Os06g48570 LOC_Os03g10200 LOC_Os11g01200 LOC_Os10g39230 LOC_Os07g06670 LOC_Os02g27400 LOC_Os01g62300 "
"77","22","LOC_Os02g39870 LOC_Os08g06060 LOC_Os04g55230 LOC_Os10g11140 LOC_Os02g04330 LOC_Os06g22060 LOC_Os08g25734 LOC_Os10g35010 LOC_Os12g43520 LOC_Os04g39270 LOC_Os03g56320 LOC_Os02g39570 LOC_Os03g20380 LOC_Os01g57740 LOC_Os12g12370 LOC_Os11g28270 LOC_Os01g24880 "
"78","21","LOC_Os12g10880 LOC_Os09g08100 LOC_Os05g48260 LOC_Os01g46440 LOC_Os04g35534 LOC_Os02g52380 LOC_Os05g30760 LOC_Os12g03050 LOC_Os05g50610 LOC_Os06g43080 LOC_Os12g41630 LOC_Os12g06410 LOC_Os06g05310 LOC_Os04g53606 LOC_Os05g49100 LOC_Os01g51140 LOC_Os06g04220 "
"79","21","LOC_Os02g55250 LOC_Os07g45740 LOC_Os03g03560 LOC_Os10g30640 LOC_Os08g01650 LOC_Os03g37100 LOC_Os10g18070 LOC_Os08g38010 LOC_Os07g03060 LOC_Os03g60200 LOC_Os01g18060 LOC_Os11g05690 LOC_Os07g46770 LOC_Os06g30420 LOC_Os05g06260 LOC_Os11g04200 LOC_Os01g73950 "
"8","392","LOC_Os03g05620 LOC_Os07g39940 LOC_Os01g02110 LOC_Os03g17150 LOC_Os11g04530 LOC_Os10g42750 LOC_Os10g18760 LOC_Os01g24550 LOC_Os11g07770 LOC_Os05g14220 LOC_Os11g15300 LOC_Os09g19350 LOC_Os06g01860 LOC_Os07g35860 LOC_Os05g19570 LOC_Os10g11730 LOC_Os11g42940 "
"80","21","LOC_Os06g21110 LOC_Os07g30670 LOC_Os03g53710 LOC_Os03g29950 LOC_Os01g51980 LOC_Os01g61630 LOC_Os02g07360 LOC_Os01g13570 LOC_Os02g03670 LOC_Os07g38230 LOC_Os07g29240 LOC_Os05g03750 LOC_Os01g04130 LOC_Os03g52239 LOC_Os03g03260 LOC_Os07g03960 LOC_Os01g01340 "
"81","21","LOC_Os02g02980 LOC_Os02g47320 LOC_Os10g34400 LOC_Os04g35190 LOC_Os03g58570 LOC_Os04g51390 LOC_Os01g13060 LOC_Os12g32630 LOC_Os06g40609 LOC_Os06g09540 LOC_Os05g51630 LOC_Os12g41800 LOC_Os06g40200 LOC_Os05g05160 LOC_Os02g57750 LOC_Os02g45320 LOC_Os12g40279 "
"82","21","LOC_Os02g37090 LOC_Os01g66580 LOC_Os08g09860 LOC_Os07g33300 LOC_Os09g17049 LOC_Os07g47630 LOC_Os03g62640 LOC_Os11g34150 LOC_Os03g11520 LOC_Os05g34720 LOC_Os02g46920 LOC_Os04g19684 LOC_Os06g04399 LOC_Os05g43480 LOC_Os08g19114 LOC_Os01g73514 LOC_Os03g12670."
"83","21","LOC_Os03g57160 LOC_Os11g34860 LOC_Os05g28010 LOC_Os05g51490 LOC_Os02g07070 LOC_Os12g27520 LOC_Os03g48940.3 LOC_Os07g46730 LOC_Os06g39600 LOC_Os05g48960 LOC_Os01g38970 LOC_Os03g52150 LOC_Os02g54770 LOC_Os04g37780 LOC_Os12g07180 LOC_Os10g26990 LOC_Os02g0124"
"84","20","LOC_Os10g23900 LOC_Os11g14480 LOC_Os08g04340 LOC_Os08g04350 LOC_Os01g68470 LOC_Os06g33080 LOC_Os03g61500 LOC_Os09g15389 LOC_Os11g28530 LOC_Os11g29210 LOC_Os06g33100 LOC_Os06g32990 LOC_Os03g24820 LOC_Os02g30190 LOC_Os02g47090 LOC_Os10g23820 LOC_Os05g50580 "
"85","20","LOC_Os01g66850 LOC_Os07g47110 LOC_Os01g50760 LOC_Os03g42810.3 LOC_Os02g05030 LOC_Os01g64370 LOC_Os01g29740 LOC_Os06g44150 LOC_Os08g16840 LOC_Os02g47600 LOC_Os02g42940 LOC_Os08g42010 LOC_Os04g58900 LOC_Os01g52270 LOC_Os11g02180 LOC_Os03g07310 LOC_Os07g4679"
"86","19","LOC_Os04g10640 LOC_Os03g62070 LOC_Os05g14680 LOC_Os03g45330 LOC_Os04g06090 LOC_Os11g11350 LOC_Os03g42569 LOC_Os09g25270 LOC_Os02g30550 LOC_Os03g30870 LOC_Os03g19170 LOC_Os04g02970 LOC_Os06g02850 LOC_Os05g12000 LOC_Os05g03160 LOC_Os09g08990 LOC_Os03g44250 "
"87","19","LOC_Os07g43570 LOC_Os10g02240 LOC_Os06g18150.2 LOC_Os06g28194 LOC_Os08g32930 LOC_Os09g13470 LOC_Os09g23540 LOC_Os08g42100 LOC_Os06g09880 LOC_Os03g47610 LOC_Os05g51150 LOC_Os01g47190 LOC_Os11g32880 LOC_Os08g41090 LOC_Os10g28600 LOC_Os06g47800 LOC_Os06g0451"
"88","19","LOC_Os01g63500 LOC_Os02g14059 LOC_Os07g06090 LOC_Os01g55020 LOC_Os03g46750 LOC_Os01g16100 LOC_Os07g31550 LOC_Os10g29502 LOC_Os03g51840 LOC_Os08g34130 LOC_Os11g26030 LOC_Os05g30340 LOC_Os01g72190 LOC_Os10g41290 LOC_Os03g44520 LOC_Os02g57070 LOC_Os06g22654 "
"89","19","LOC_Os03g64380 LOC_Os06g08180 LOC_Os07g13280 LOC_Os07g37960 LOC_Os01g50770 LOC_Os04g51794 LOC_Os02g57370 LOC_Os12g19260 LOC_Os06g50970 LOC_Os01g16210 LOC_Os02g10130 LOC_Os11g33240 LOC_Os05g19040 LOC_Os12g05780 LOC_Os01g57066 LOC_Os03g26080 LOC_Os09g33790 "
"9","307","LOC_Os05g51020 LOC_Os07g34950 LOC_Os03g48050 LOC_Os04g54380 LOC_Os03g62690 LOC_Os12g40540 LOC_Os04g35760 LOC_Os06g21530 LOC_Os02g16709 LOC_Os09g21460 LOC_Os11g02450 LOC_Os12g02380 LOC_Os05g29860 LOC_Os12g19304 LOC_Os09g24530 LOC_Os02g36850 LOC_Os12g18550 "
"90","19","LOC_Os11g41680 LOC_Os11g42480 LOC_Os03g54130 LOC_Os09g25610 LOC_Os03g54114 LOC_Os07g38830 LOC_Os04g12530 LOC_Os01g07800 LOC_Os01g08080 LOC_Os12g05890 LOC_Os05g49910 LOC_Os12g43720 LOC_Os08g37030 LOC_Os03g14910 LOC_Os03g06520 LOC_Os11g42510 LOC_Os09g38410 "
"91","18","LOC_Os11g20080 LOC_Os10g01780 LOC_Os08g16430 LOC_Os08g16320 LOC_Os05g45240 LOC_Os01g19750 LOC_Os10g36960 LOC_Os01g70340 LOC_Os04g31430 LOC_Os01g51450 LOC_Os03g29150 LOC_Os04g45340 LOC_Os09g03939 LOC_Os04g32510 LOC_Os06g19740 LOC_Os10g20830 LOC_Os04g42610 "
"92","18","LOC_Os10g34000 LOC_Os12g08340 LOC_Os06g30090 LOC_Os04g57940 LOC_Os12g12600 LOC_Os11g05740 LOC_Os04g40590 LOC_Os03g13230 LOC_Os12g37740 LOC_Os04g40970 LOC_Os09g39330 LOC_Os01g28134 LOC_Os09g12310 LOC_Os09g32660 LOC_Os02g57080 LOC_Os02g06830 LOC_Os12g31770 "
"93","18","LOC_Os12g22284 LOC_Os01g22560 LOC_Os06g28820 LOC_Os11g35930 LOC_Os03g61720 LOC_Os12g22110 LOC_Os02g43194 LOC_Os05g11210 LOC_Os07g34320 LOC_Os08g36250 LOC_Os04g11970 LOC_Os09g38239 LOC_Os04g29090 LOC_Os05g18294.2 LOC_Os10g02260 LOC_Os03g58290 LOC_Os02g4311"
"94","18","LOC_Os07g13100 LOC_Os11g45050 LOC_Os05g51610 LOC_Os11g45190 LOC_Os04g09604 LOC_Os05g36930 LOC_Os11g39160 LOC_Os08g41489 LOC_Os02g42610 LOC_Os09g17329 LOC_Os10g10130 LOC_Os11g42970 LOC_Os01g10640 LOC_Os04g22660 LOC_Os04g49757.2 LOC_Os01g48940 LOC_Os03g2473"
"95","18","LOC_Os11g08330 LOC_Os11g31660 LOC_Os07g33690 LOC_Os04g01130 LOC_Os05g28460 LOC_Os02g21490 LOC_Os11g09970 LOC_Os02g09430 LOC_Os06g49870 LOC_Os03g56970 LOC_Os12g09089 LOC_Os07g10520 LOC_Os07g31390 LOC_Os03g62870 LOC_Os11g45410 LOC_Os03g53140 LOC_Os10g40790 "
"96","18","LOC_Os03g48100 LOC_Os02g10794 LOC_Os10g41030 LOC_Os02g47890 LOC_Os12g13440 LOC_Os03g09260 LOC_Os02g50799 LOC_Os11g04220 LOC_Os03g43800 LOC_Os02g06588 LOC_Os09g26390 LOC_Os06g36710 LOC_Os05g03550 LOC_Os10g38850 LOC_Os01g05500 LOC_Os10g42196 LOC_Os03g11890 "
"97","18","LOC_Os10g25600 LOC_Os02g43180 LOC_Os06g01410 LOC_Os01g14040 LOC_Os03g61640 LOC_Os12g41210 LOC_Os02g36520 LOC_Os06g45300 LOC_Os09g17620 LOC_Os08g34340 LOC_Os07g02030 LOC_Os02g33230 LOC_Os04g35380 LOC_Os05g43540 LOC_Os01g42500 LOC_Os02g39990 LOC_Os07g27110 "
"98","18","LOC_Os01g48820 LOC_Os03g55776 LOC_Os10g08340 LOC_Os01g24764 LOC_Os03g29184 LOC_Os01g20894 LOC_Os07g40920 LOC_Os11g28420 LOC_Os02g34470 LOC_Os07g12510 LOC_Os06g43810 LOC_Os03g64010 LOC_Os07g13234 LOC_Os10g19970 LOC_Os08g20680 LOC_Os09g34340 LOC_Os03g57349 "
"99","18","LOC_Os04g52830 LOC_Os06g10560 LOC_Os10g36690 LOC_Os10g04130 LOC_Os04g51700 LOC_Os02g45200 LOC_Os09g24900 LOC_Os03g56610 LOC_Os10g33720 LOC_Os01g66110 LOC_Os03g11340 LOC_Os08g09610 LOC_Os02g51860 LOC_Os09g34310 LOC_Os03g27390 LOC_Os03g62500 LOC_Os05g36110 "
